INSERT INTO continent (name) VALUES ('Asia'),('Africa'),('North America'),('South America'),('Antarctica'),('Europe'),('Australia');

INSERT INTO category (title,description) VALUES ('Snack','this is any like chips or chocolates'),('Canned Food','Anything in a can is canned food'),('Drink','Drinkable stuff are considered drinks'),('Dairy','Related to cow? then it dairy'),('Frozen Food','Usually comes out of cold places'),('Hygiene','Personal hygiene gets this category'),('Salad','Healthy stuff'),('Other','None of the other categories apply');


INSERT INTO product VALUES
    (null,'Tnufa Milk 3%',7290102392254,'Dairy','Asia','https://drive.google.com/uc?id=1vrPqfuS1yT6QqnRGatGTclGhtfweURW2'),
    (null,'Tara Milk 1%',7290102392254,'Dairy','Asia','https://drive.google.com/uc?id=18G6YVdZu3AC69-7b7cGhFAtDeKeiUifr'),
    (null,'Junaidy Straberry Milk 1L',6253503561736,'Dairy','Asia','https://drive.google.com/uc?id=1tqoMyE_Mdwdb-Hl-Wqm2-Htgai7sIMBk'),
    (null,'Yotvata  Banana Milk 1L',7290003029372,'Dairy','Asia','https://drive.google.com/uc?id=1dCDZiMYce0dcVMxxjwQHeVlyEyQCqgl-'),
    (null,'Junaidy Chocolate Milk 1L',6253503561934,'Dairy','Asia','https://drive.google.com/uc?id=1yheo5GShuj1rq_PmQcaLsH3HmXJZmJPZ'),
    (null,'t Yoplai Peach Yogurt',290110321697,'Dairy','Asia','https://drive.google.com/uc?id=1GoqUnZdTrFs5dKVoLa-hUf0BqaZEowo_'),
    (null,'Al-Bustan Hummus ',7290004496142,'Salad','Asia','https://drive.google.com/uc?id=1ub5gT8Zp4Lrl3KFNMfHwoTc-sf-Yuznp'),
    (null,'Al-Bustan Turkey Salad',7290004496173,'Salad','Asia','https://drive.google.com/uc?id=1jJaP2TyG0Vjxj2XNjEdYomrM0WiZJXMI'),
    (null,'Al-Bustan Cabbage Salad ',7290004496159,'Salad','Asia','https://drive.google.com/uc?id=10h-aM8kBVppc5-ydHzlPWNRugBGrQsct'),
    (null,'Karlo Vanilla Yogurt ',7290004133160,'Dairy','Asia','https://drive.google.com/uc?id=1332L2hGphKQP7OQ0GAD-beCSYOsvuP65'),
    (null,'Karlo Chocolate Yogurt ',7290004120382,'Dairy','Asia','https://drive.google.com/uc?id=1332L2hGphKQP7OQ0GAD-beCSYOsvuP65'),
    (null,'Al-Junaydi Hummus ',6253503560456,'Salad','Asia','https://drive.google.com/uc?id=1wLEQbTjaz9Tw9VT-Lqn0aQh6qiKliI6v'),
    (null,'Pure Life Water',253501790466,'Drink','Asia','https://drive.google.com/uc?id=1G4l7kSO0I8mEAE3CtudYv6j7er1eedbJ'),
    (null,'Arwa Water',54493704,'Drink','Asia','https://drive.google.com/uc?id=1T8fp2yK_Uf7K-KvkhoIIKCMj-TCK1Tq7'),
    (null,'CocaCola Zero',5449000131805,'Drink','Asia','https://drive.google.com/uc?id=1qX1iUjfERXma40Fp-3P4SHQo-CeUgBDa'),
    (null,'CocaCola',5449000000996,'Drink','Asia','https://drive.google.com/uc?id=1FxDomP07WY_gSUpCk79s7b6zt1DNPsZG'),
    (null,'CocaCola',7290011017866,'Drink','Asia','https://drive.google.com/uc?id=1Sci2fqonCEujIVv9ZNUtpBpKNj12H0NA'),
    (null,'Landessa Ice Cofee',9004380071507,'Drink','Asia','https://drive.google.com/uc?id=1M6-L0jEYJ1LZaIzFpubWmA9Kwfmf0qpr'),
    (null,'Al-Sham Basil Seed Pommegrante',8855044042682,'Drink','Asia','https://drive.google.com/uc?id=1KUEZWfveVnP7uIr7DR-1NvhOmy18JtW7'),
    (null,'Bavaria Apple',8714800017602,'Drink','Asia','https://drive.google.com/uc?id=1zpzp0L3j5WOpJuC1XiJaToSUpFOPVe5Y'),
    (null,'FuzeTea',7290011018214,'Drink','Asia','https://drive.google.com/uc?id=1d9oDCg9oalpvocJALf4TyXlK93EppeHW'),
    (null,'Cappy Apple 1L',5449000161468,'Drink','Asia','https://drive.google.com/uc?id=1e_37CTO9WTBcHSV9wmizPsj0-rbXEIXx'),
    (null,'Cappy Pear&Cactus 1L',5449000278012,'Drink','Asia','https://drive.google.com/uc?id=1kHtvVYnOXRLkyn3sH7-4lwJ1-r0TzE4I'),
    (null,'Azbat Chicken Fingers',7290008409100,'Frozen Food','Asia','https://drive.google.com/uc?id=1UGklssCE0L-k5_0wB_QZt0o_IA9kd-aR'),
    (null,'Al-Bashir Peas',9423852611209,'Frozen Food','Asia','https://drive.google.com/uc?id=1U9PXyWyx6fY8dpmGXqwzk4-Oc6rKnhBN'),
    (null,'Al-Bashir Corn',9423852611292,'Frozen Food','Asia','https://drive.google.com/uc?id=1JD_vFxldwBdXybesyosAUyOj6ufRK63T'),
    (null,'Hatifi Chicken Nuggets',7290004061494,'Frozen Food','Asia','https://drive.google.com/uc?id=1ccCgg2wKSdfQOwJmld7dOqPFGa7pWA-Y'),
    (null,'Seniora Spicy Chicken Fillet',6235005380576,'Frozen Food','Asia','https://drive.google.com/uc?id=1iiuSiDoLresw5-JVYzHy9gMzQkIE4Scv'),
    (null,'Seniora Chicken Burger',6253005380460,'Frozen Food','Asia','https://drive.google.com/uc?id=1Tm22VyBb-sSL0vNj36P7uD-LD9DF9F-w'),
    (null,'Seniora Chicken Burger Jumbo',6253005380545,'Frozen Food','Asia','https://drive.google.com/uc?id=1NelKlYI2tAVX3E9_ubD-xXqyAhdQcdGJ'),
    (null,'Al-Bayed Pangasius Fillet',6253802110406,'Frozen Food','Asia','https://drive.google.com/uc?id=1Iu0Qf51QqfsCZ3J-KHYPfgmw62cSmV2y'),
    (null,'Head&Sholders Apple Fresh',5410076659647,'Hygiene','Asia','https://drive.google.com/uc?id=1FeUYOYlGdseWYYU8EG0DmGXpxOe1ki6m'),
    (null,'Pantene Classic Care',4084500290532,'Hygiene','Asia','https://drive.google.com/uc?id=1zdU5n8EX36BYxFcUZ3Hqy5xgvdZxjZFt'),
    (null,'Herbal Essence Shampoo',8001090222428,'Hygiene','Asia','https://drive.google.com/uc?id=1o8rgAFXy7coSiOKHcyNebjxA5FEnnJvC'),
    (null,'Forest Pine Shampoo',7290115294477,'Hygiene','Asia','https://drive.google.com/uc?id=1Rpr_sorUp0QlIBP4Pf-vVJHGYx4vyy1y'),
    (null,'Mr.Chips Ketchup',6251036015771,'Snack','Asia','https://drive.google.com/uc?id=1FHJwNH12ZgTE6fCOObrUdsEBO0AacOmA'),
    (null,'Chipsy Land Hot',6253504520602,'Snack','Asia','https://drive.google.com/uc?id=1WbCLSr1z2L6GUpaGtzUNPWUtmMXxkjYr'),
    (null,'Doritos Hot',7290106528611,'Snack','Asia','https://drive.google.com/uc?id=18CB5vmjAxJ7cEHF5V0u1h50ictisQ9g6'),
    (null,'Rambo',6253507300034,'Snack','Asia','https://drive.google.com/uc?id=1kQXBrfcMeVQkYOU2jujeY6F00EWAy9tk'),
    (null,'Awesome Crispy',7290106573277,'Snack','Asia','https://drive.google.com/uc?id=1IaDM5jWRACd49H7t6T1nzBCxud_mKre2'),
    (null,'Mr.Chips Chilli',6251036015443,'Snack','Asia','https://drive.google.com/uc?id=11gsmMXRq7BsRIp6hjFUxMGczL6NwQJjX'),
    (null,'Baker Pretzels',6251934001593,'Snack','Asia','https://drive.google.com/uc?id=1IWv-5THI72HRFXwJjor3MVRSrx74LA3k'),
    (null,'Baker Pretzels Herbs',6253809980781,'Snack','Asia','https://drive.google.com/uc?id=1FCZpCbh8KFmVRTaSqT0QLgUAKNtsU76b'),
    (null,'Dopshnet hapez',7290002096498,'Snack','Asia','https://drive.google.com/uc?id=1qXmBHvU0azl_oFg2vg8nCUC1QMBgq7u7'),
    (null,'NewLand Hamburger Sauce',6251088085708,'Snack','Asia','https://drive.google.com/uc?id=1uYaonZR66wQeK17Ab8rbalyrtbsvxcUB'),
    (null,'Pringles Ketchup',5053990101566,'Snack','Asia','https://drive.google.com/uc?id=1wOoLe9yYIASsf0gW4yX8LMLseD-K4ruY'),
    (null,'Poker CACO Biscuits',8004800023001,'Snack','Asia','https://drive.google.com/uc?id=16HHt7hQ5kIh0mZpglFAGqbfygX1fqK3n'),
    (null,'NewLand Four Tortillas',6251082101145,'Snack','Asia','https://drive.google.com/uc?id=1uIW-KXLHXF_NTETPC4L2NJ7zRCDi7tBB'),
    (null,'Luppo Chocolate',8699141059729,'Snack','Asia','https://drive.google.com/uc?id=1xg9JIHApiXWUWKgMcu7DHoKYQYeg6UhQ'),
    (null,'Kagi Chocolate',7610046000518,'Snack','Asia','https://drive.google.com/uc?id=1QdXvaGpiksuw4M1aZJGb8ZjoUF8wvT5X'),
    (null,'Kinder Chocolate',80177609,'Snack','Asia','https://drive.google.com/uc?id=1ltpJOX1l-t2U5IQf2gIyZOmC_YaIlsDv'),
    (null,'Kapor Cheese',7290006920294,'Dairy','Asia','https://drive.google.com/uc?id=1VHrN3mgKSMhJ2eF-a9MuZobu3fPrwyxU'),
    (null,'Marina Mushrooms',7290013068576,'Canned Food','Asia','https://drive.google.com/uc?id=18-TlKqIIXo5XNXTefddjT_78Xi8TlLcI'),
    (null,'Al-Kabie Tomato Pase',6281026102600,'Canned Food','Asia','https://drive.google.com/uc?id=1o4gh4cqKq4iGViB7hcZ8a484USRZsexY'),
    (null,'Halibna Cream',6253006101248,'Dairy','Asia','https://drive.google.com/uc?id=1SNC0VHtyGkKmdnOOnrixY3p2TUBu6F1f'),
    (null,'Pickled Eggplant ',6253504350629,'Canned Food','Asia','https://drive.google.com/uc?id=1hRapB8f9hphgmbJkX0uIRHY_Mvqd4Hsw'),
    (null,'Eden Pickles',7290012453441,'Canned Food','Asia','https://drive.google.com/uc?id=19p16SlhnA-zIRVas2BwyfryvTuUCbDR1'),
    (null,'Eden Black Olives',7290005078200,'Canned Food','Asia','https://drive.google.com/uc?id=1h5rwPceSw0X9M8HlSVEauHmfGq0f1U4t'),
    (null,'Marina Corned Beef',7290015174817,'Canned Food','Asia','https://drive.google.com/uc?id=1tCz-H7lGKbx-wvgIl_psEd6l4VEA2vJo'),
    (null,'Al_Khairat Fruit Cocktail',8858768058243,'Canned Food','Asia','https://drive.google.com/uc?id=1yUCowCVG6jiWyPzn4XhQKOy4Oa8ir75i'),
    (null,'Marina Light Tuna',7290015174466,'Canned Food','Asia','https://drive.google.com/uc?id=1pD5Z5lTwrepriDo-qrqyRB4kb94ej5Zt'),
    (null,'Eden Tomato Sauce',7290012455151,'Canned Food','Asia','https://drive.google.com/uc?id=1CvQaO3ApsO6107Bq6STx-s1cZpwC-ZxF'),
    (null,'Harvest Foul Medames',6223001060000,'Canned Food','Asia','https://drive.google.com/uc?id=1Uvaf9BXG7b9wntM5BVO9DbHFOqQjTbJv'),
    (null,'Harvest Hot Foul Medames',6223001060925,'Canned Food','Asia','https://drive.google.com/uc?id=14YQGXYej0X7pUyK-MjztG-oLCHHmzslH'),
    (null,'Eden Beans',7290010962198,'Canned Food','Asia','https://drive.google.com/uc?id=1SWIwpL1fvQkzn0VzETM247k3UMySQKoZ'),
    (null,'Nadec Cream Cheese',6281057050031,'Canned Food','Asia','https://drive.google.com/uc?id=1vby1TKTjNvDwHY_O_ULX9jm5JMvQ8Vyf'),
    (null,'Heinz Tomato Paste',6221233111318,'Canned Food','Asia','https://drive.google.com/uc?id=1ofF8kQ9s7fCONHH5eOLCtcLu6D2yyjO3'),
    (null,'Sheikh Qasem Popcorn',6253503478171,'Other','Asia','https://drive.google.com/uc?id=16t6x-U2mSkMi0wDln3rSRJjKGLVJwOzm'),
    (null,'Sheikh Qasem Borghol',6253503478126,'Other','Asia','https://drive.google.com/uc?id=1Gd7hfgFF6d2QWZZq3eQI1eUCbrfDljuI'),
    (null,'Turna Oil',8697511427018,'Other','Asia','https://drive.google.com/uc?id=1UvZBLe-ERatmAavLswRQL-Mo92K-vTNX'),
    (null,'Safi Corn Oil',6253501882055,'Other','Asia','https://drive.google.com/uc?id=1l9L5Y3IM9zurjo6CHhUTwRjcw2D-mrcM');
